﻿<?xml version="1.0" encoding="utf-8"?>
<repository version="1">
    <category id="repo_dev" name="Development" prefix="dev">
        <subcaterogy id="repo_dev_sd" name="SD" prefix="tel">
            <provider id="100001" name="БайкалВестКом (Ростелеком)" type="xml" icon="inet_ru_rostelecom" xml="tel_ru_rt_bwc"/>
            <provider id="100002" name="Астрахань GSM (Смартс)" type="xml" icon="tel_ru_smarts" xml="tel_ru_astragsm"/>
            <provider id="100003" name="SMSЦЕНТР" type="xml" icon="sms_ru_smscentr" xml="sms_ru_smscentr"/>
            <provider id="100004" name="Comtube" type="xml" icon="iptel_ru_comtube" xml="iptel_ru_comtube"/>
        </subcaterogy>
    </category>
</repository>