<?xml version="1.0" encoding="utf-8"?>
<provider url="https://www.comtube.com">
    <request type="POST" url="${provider.url}/index/auth_form?from=service_window_main" required="true" charset="UTF-8">
        <param name="action" value="auth"/>
        <param name="from" value=""/>
        <param name="txtUserName" value="${account.login}"/>
        <param name="txtUserPass" value="${account.password}"/>

        <search start="curr_balance" end="," required="true" onError="exception.login">
            <balance units="р" required="true"/>
        </search>
    </request>
</provider>
