﻿<?xml version="1.0" encoding="utf-8"?>
<!-- Author: K.Yuri -->
<provider url="https://smsc.ru/login/">
 <request type="GET" url="${provider.url}" required="true" onError="exception.unavailable" charset="CP1251">
  <request type="POST" url="${provider.url}" required="true" onError="exception.unavailable">
   <param name="psw" value="${account.password}"/>
   <param name="login" value="${account.login}"/>
   <search regex="Ваш\sбаланс:&lt;td&gt;&lt;b&gt;(.*)\sруб.&lt;/b&gt;\s\((.*)\$\)\s&amp;nb" required="true" onError="exception.login">
    <balance units="р" value="${group.1}"/>
    <balance units="$" value="${group.2}"/>
   </search>
   <search regex="Тарифный\sплан:&lt;td&gt;&lt;b&gt;(.*)&lt;" group="1" required="true">
    <plan/>
   </search>
   <search regex="равлено\sSMS:&lt;td\snowrap&gt;&lt;b&gt;(.*)&lt;" required="true" group="1">
    <balance units="SMS" fractional="false"/>
   </search>
   <search regex="учено\sответов:&lt;td\scolspan=4&gt;&lt;b&gt;(.*)&lt;" required="true" group="1">
    <balance units="отв" fractional="false"/>
   </search>
  </request>
 </request>
 <request type="GET" url="https://smsc.ru/logout/"/>
</provider>