<?xml version="1.0" encoding="utf-8"?>
<provider url="https://issa.bwc.ru" loginInputType="phone">
    <search value="${phone.code}" regex="\d{3}" required="true" onError="exception.phone"/>
    <request type="POST" url="${provider.url}/cgi-bin/cgi.exe?function=is_login" required="true" charset="CP1251">
        <param name="mobnum" value="${phone.code}${phone.number}"/>
        <param name="Password" value="${account.password}"/>
        <param name="submit_button" value="Войти"/>

        <search regex="is_account" required="true" onError="exception.login"/>
    </request>

    <request type="GET" url="${provider.url}/cgi-bin/cgi.exe?function=is_account" required="true">
        <plan value="+7 ${phone.code} ${phone.number}"/>
        <search start="Информация о лицевом счете" end="&lt;/table&gt;">
            <table><foreach>
                <var name="data" value="${result.2}"/>
                <search value="${result.1}" regex="Актуальный баланс"><balance value="${var.data}" units="р"/></search>
                <search value="${result.1}" regex="дата отключения"><balance value="${var.data}" units="дн" fractional="false"/></search>
            </foreach></table>
        </search>
        <search regex="остаток трафика [^:]* составляет :(\d*):" group="1">
            <balance units="мин" fractional="false"/></search>
    </request>

    <request type="GET" url="${provider.url}/cgi-bin/cgi.exe?function=is_exit"/>
</provider>
