﻿<?xml version="1.0" encoding="utf-8"?>
<!-- Author: K.Yuri -->
<provider url="https://iscs.astragsm.ru" loginInputType="phone">
 <search value="${phone.country}" regex="7" required="true" onError="exception.phone"/>
 <request type="GET" url="${provider.url}" required="true" onError="exception.unavailable" charset="CP1251">
  <request type="POST" url="${provider.url}/login.aspx" required="true" onError="exception.unavailable">
   <param include="hidden"/>
   <param name="txtNumber" value="${phone.code}${phone.number}"/>
   <param name="txtPassword" value="${account.password}"/>
   <param name="btnRegister" value="Вход в систему"/>
   <search regex="альный баланс:&lt;/td&gt;&lt;td&gt;&lt;b&gt;(.*)\sРуб" group="1" required="true" onError="exception.login">
    <balance units="р"/>
   </search>
   <request type="GET" url="${provider.url}/status.aspx" required="true" onError="exception.unavailable">
    <search regex="арифный план:&lt;/td&gt;&lt;td&gt;&lt;b&gt;(.*)&lt;" group="1" required="true">
     <plan/>
    </search>
   </request>
  </request>
 </request>
 <request type="GET" url="${provider.url}/signout.aspx"/>
</provider>